V_L,X,C_A_mol_L,fidelidad
1.5,0.22835774175762105,1.543284516484758,alta
3.5,0.44177728054658477,1.1164454389068306,alta
5.5,0.595625977047078,0.808748045905844,alta
8.0,0.6438110303550771,0.7123779392898457,alta
11.0,0.7403114651533672,0.5193770696932656,alta
14.0,0.7819744143659078,0.4360511712681845,alta
17.0,0.8136030639805605,0.37279387203887904,alta
20.0,0.803104836975812,0.39379032604837594,alta
22.0,0.8286726486757093,0.34265470264858133,alta
